,interview,task,meanpupilsize,stddevpupilsize,maxpupilsize,minpupilsize,startpupilsize,endpupilsize
0,EO-091,EO-091_allsc,-1,-1,-1,-1,-1,-1
1,EO-091,Reading,-1,-1,-1,-1,-1,-1
2,EO-091,Memory,-1,-1,-1,-1,-1,-1
3,EO-091,CookieTheft,-1,-1,-1,-1,-1,-1
4,EO-091,PupilCalib,-1,-1,-1,-1,-1,-1
5,HA-196,HA-196_allsc,-1,-1,-1,-1,-1,-1
6,HA-196,Reading,-1,-1,-1,-1,-1,-1
7,HA-196,Memory,-1,-1,-1,-1,-1,-1
8,HA-196,CookieTheft,-1,-1,-1,-1,-1,-1
9,HA-196,PupilCalib,-1,-1,-1,-1,-1,-1
10,EA-069,EA-069_allsc,-1,-1,-1,-1,-1,-1
11,EA-069,Reading,-1,-1,-1,-1,-1,-1
12,EA-069,Memory,-1,-1,-1,-1,-1,-1
13,EA-069,CookieTheft,-1,-1,-1,-1,-1,-1
14,EA-069,PupilCalib,-1,-1,-1,-1,-1,-1
15,HI-097,HI-097_allsc,-1,-1,-1,-1,-1,-1
16,HI-097,Reading,-1,-1,-1,-1,-1,-1
17,HI-097,Memory,-1,-1,-1,-1,-1,-1
18,HI-097,CookieTheft,-1,-1,-1,-1,-1,-1
19,HI-097,PupilCalib,-1,-1,-1,-1,-1,-1
20,HN-183,HN-183_allsc,-1,-1,-1,-1,-1,-1
21,HN-183,Reading,-1,-1,-1,-1,-1,-1
22,HN-183,Memory,-1,-1,-1,-1,-1,-1
23,HN-183,CookieTheft,-1,-1,-1,-1,-1,-1
24,HN-183,PupilCalib,-1,-1,-1,-1,-1,-1
25,EL-122,EL-122_allsc,-1,-1,-1,-1,-1,-1
26,EL-122,Reading,-1,-1,-1,-1,-1,-1
27,EL-122,Memory,-1,-1,-1,-1,-1,-1
28,EL-122,CookieTheft,-1,-1,-1,-1,-1,-1
29,EI-170,EI-170_allsc,-1,-1,-1,-1,-1,-1
30,EI-170,Reading,-1,-1,-1,-1,-1,-1
31,EI-170,Memory,-1,-1,-1,-1,-1,-1
32,EI-170,CookieTheft,-1,-1,-1,-1,-1,-1
33,EI-170,PupilCalib,-1,-1,-1,-1,-1,-1
34,EO-094,EO-094_allsc,-1,-1,-1,-1,-1,-1
35,EO-094,Reading,-1,-1,-1,-1,-1,-1
36,EO-094,Memory,-1,-1,-1,-1,-1,-1
37,EO-094,CookieTheft,-1,-1,-1,-1,-1,-1
38,EO-094,PupilCalib,-1,-1,-1,-1,-1,-1
39,HH-053,HH-053_allsc,-1,-1,-1,-1,-1,-1
40,HH-053,Reading,-1,-1,-1,-1,-1,-1
41,HH-053,Memory,-1,-1,-1,-1,-1,-1
42,HH-053,CookieTheft,-1,-1,-1,-1,-1,-1
43,HH-053,PupilCalib,-1,-1,-1,-1,-1,-1
44,EY-088,EY-088_allsc,-1,-1,-1,-1,-1,-1
45,EY-088,Reading,-1,-1,-1,-1,-1,-1
46,EY-088,Memory,-1,-1,-1,-1,-1,-1
47,EY-088,CookieTheft,-1,-1,-1,-1,-1,-1
48,EY-088,PupilCalib,-1,-1,-1,-1,-1,-1
49,HL-062,HL-062_allsc,-1,-1,-1,-1,-1,-1
50,HL-062,Memory,-1,-1,-1,-1,-1,-1
51,HL-062,PupilCalib,-1,-1,-1,-1,-1,-1
52,EE-087,EE-087_allsc,-1,-1,-1,-1,-1,-1
53,EE-087,Reading,-1,-1,-1,-1,-1,-1
54,EE-087,Memory,-1,-1,-1,-1,-1,-1
55,EE-087,CookieTheft,-1,-1,-1,-1,-1,-1
56,EE-087,PupilCalib,-1,-1,-1,-1,-1,-1
57,HI-131,HI-131_allsc,-1,-1,-1,-1,-1,-1
58,HI-131,Reading,-1,-1,-1,-1,-1,-1
59,HI-131,Memory,-1,-1,-1,-1,-1,-1
60,HI-131,CookieTheft,-1,-1,-1,-1,-1,-1
61,HI-131,PupilCalib,-1,-1,-1,-1,-1,-1
62,EO-005,EO-005_allsc,-1,-1,-1,-1,-1,-1
63,EO-005,Reading,-1,-1,-1,-1,-1,-1
64,EO-005,Memory,-1,-1,-1,-1,-1,-1
65,EO-005,CookieTheft,-1,-1,-1,-1,-1,-1
66,EA-127,EA-127_allsc,-1,-1,-1,-1,-1,-1
67,EA-127,Reading,-1,-1,-1,-1,-1,-1
68,EA-127,Memory,-1,-1,-1,-1,-1,-1
69,EA-127,CookieTheft,-1,-1,-1,-1,-1,-1
70,EA-127,PupilCalib,-1,-1,-1,-1,-1,-1
71,HU-153,HU-153_allsc,-1,-1,-1,-1,-1,-1
72,HU-153,Reading,-1,-1,-1,-1,-1,-1
73,HU-153,Memory,-1,-1,-1,-1,-1,-1
74,HU-153,CookieTheft,-1,-1,-1,-1,-1,-1
75,HU-153,PupilCalib,-1,-1,-1,-1,-1,-1
76,EA-152,EA-152_allsc,-1,-1,-1,-1,-1,-1
77,EA-152,Reading,-1,-1,-1,-1,-1,-1
78,EA-152,Memory,-1,-1,-1,-1,-1,-1
79,EA-152,CookieTheft,-1,-1,-1,-1,-1,-1
80,EA-152,PupilCalib,-1,-1,-1,-1,-1,-1
81,HI-120,HI-120_allsc,-1,-1,-1,-1,-1,-1
82,HI-120,Reading,-1,-1,-1,-1,-1,-1
83,HI-120,Memory,-1,-1,-1,-1,-1,-1
84,HI-120,CookieTheft,-1,-1,-1,-1,-1,-1
85,HI-120,PupilCalib,-1,-1,-1,-1,-1,-1
86,HA-068,HA-068_allsc,-1,-1,-1,-1,-1,-1
87,HA-068,Reading,-1,-1,-1,-1,-1,-1
88,HA-068,Memory,-1,-1,-1,-1,-1,-1
89,HA-068,CookieTheft,-1,-1,-1,-1,-1,-1
90,HA-068,PupilCalib,-1,-1,-1,-1,-1,-1
91,HO-124,HO-124_allsc,-1,-1,-1,-1,-1,-1
92,HO-124,Reading,-1,-1,-1,-1,-1,-1
93,HO-124,Memory,-1,-1,-1,-1,-1,-1
94,HO-124,CookieTheft,-1,-1,-1,-1,-1,-1
95,HO-162,HO-162_allsc,-1,-1,-1,-1,-1,-1
96,HO-162,Reading,-1,-1,-1,-1,-1,-1
97,HO-162,Memory,-1,-1,-1,-1,-1,-1
98,HO-162,CookieTheft,-1,-1,-1,-1,-1,-1
99,HO-162,PupilCalib,-1,-1,-1,-1,-1,-1
100,HE-030,HE-030_allsc,-1,-1,-1,-1,-1,-1
101,HE-030,Reading,-1,-1,-1,-1,-1,-1
102,HE-030,Memory,-1,-1,-1,-1,-1,-1
103,HE-030,CookieTheft,-1,-1,-1,-1,-1,-1
104,HE-030,PupilCalib,-1,-1,-1,-1,-1,-1
105,EI-137,EI-137_allsc,-1,-1,-1,-1,-1,-1
106,EI-137,Reading,-1,-1,-1,-1,-1,-1
107,EI-137,Memory,-1,-1,-1,-1,-1,-1
108,EI-137,CookieTheft,-1,-1,-1,-1,-1,-1
109,EI-137,PupilCalib,-1,-1,-1,-1,-1,-1
110,HO-075,HO-075_allsc,-1,-1,-1,-1,-1,-1
111,HO-075,Reading,-1,-1,-1,-1,-1,-1
112,HO-075,Memory,-1,-1,-1,-1,-1,-1
113,HO-075,CookieTheft,-1,-1,-1,-1,-1,-1
114,HO-075,PupilCalib,-1,-1,-1,-1,-1,-1
115,EL-185,EL-185_allsc,-1,-1,-1,-1,-1,-1
116,EL-185,Reading,-1,-1,-1,-1,-1,-1
117,EL-185,Memory,-1,-1,-1,-1,-1,-1
118,EL-185,CookieTheft,-1,-1,-1,-1,-1,-1
119,EL-185,PupilCalib,-1,-1,-1,-1,-1,-1
120,HA-092,HA-092_allsc,-1,-1,-1,-1,-1,-1
121,HA-092,Reading,-1,-1,-1,-1,-1,-1
122,HA-092,Memory,-1,-1,-1,-1,-1,-1
123,HA-092,CookieTheft,-1,-1,-1,-1,-1,-1
124,HA-092,PupilCalib,-1,-1,-1,-1,-1,-1
125,EE-174,EE-174_allsc,-1,-1,-1,-1,-1,-1
126,EE-174,Reading,-1,-1,-1,-1,-1,-1
127,EE-174,Memory,-1,-1,-1,-1,-1,-1
128,EE-174,CookieTheft,-1,-1,-1,-1,-1,-1
129,EE-174,PupilCalib,-1,-1,-1,-1,-1,-1
130,HA-065,HA-065_allsc,-1,-1,-1,-1,-1,-1
131,HA-065,Reading,-1,-1,-1,-1,-1,-1
132,HA-065,Memory,-1,-1,-1,-1,-1,-1
133,HA-065,CookieTheft,-1,-1,-1,-1,-1,-1
134,HA-065,PupilCalib,-1,-1,-1,-1,-1,-1
135,HH-056,HH-056_allsc,-1,-1,-1,-1,-1,-1
136,HH-056,Reading,-1,-1,-1,-1,-1,-1
137,HH-056,Memory,-1,-1,-1,-1,-1,-1
138,HH-056,CookieTheft,-1,-1,-1,-1,-1,-1
139,HH-056,PupilCalib,-1,-1,-1,-1,-1,-1
140,HR-102,HR-102_allsc,-1,-1,-1,-1,-1,-1
141,HR-102,Reading,-1,-1,-1,-1,-1,-1
142,HR-102,Memory,-1,-1,-1,-1,-1,-1
143,HR-102,CookieTheft,-1,-1,-1,-1,-1,-1
144,HR-102,PupilCalib,-1,-1,-1,-1,-1,-1
145,EE-100,EE-100_allsc,-1,-1,-1,-1,-1,-1
146,EE-100,Reading,-1,-1,-1,-1,-1,-1
147,EE-100,Memory,-1,-1,-1,-1,-1,-1
148,EE-100,CookieTheft,-1,-1,-1,-1,-1,-1
149,EE-100,PupilCalib,-1,-1,-1,-1,-1,-1
150,HE-130,HE-130_allsc,-1,-1,-1,-1,-1,-1
151,HE-130,Reading,-1,-1,-1,-1,-1,-1
152,HE-130,Memory,-1,-1,-1,-1,-1,-1
153,HE-130,CookieTheft,-1,-1,-1,-1,-1,-1
154,HE-130,PupilCalib,-1,-1,-1,-1,-1,-1
155,EA-123,EA-123_allsc,-1,-1,-1,-1,-1,-1
156,EA-123,Reading,-1,-1,-1,-1,-1,-1
157,EA-123,Memory,-1,-1,-1,-1,-1,-1
158,EA-123,CookieTheft,-1,-1,-1,-1,-1,-1
159,EA-123,PupilCalib,-1,-1,-1,-1,-1,-1
160,EU-024,EU-024_allsc,-1,-1,-1,-1,-1,-1
161,EU-024,Reading,-1,-1,-1,-1,-1,-1
162,EU-024,Memory,-1,-1,-1,-1,-1,-1
163,EU-024,CookieTheft,-1,-1,-1,-1,-1,-1
164,EU-024,PupilCalib,-1,-1,-1,-1,-1,-1
165,HA-089,HA-089_allsc,-1,-1,-1,-1,-1,-1
166,HA-089,Reading,-1,-1,-1,-1,-1,-1
167,HA-089,Memory,-1,-1,-1,-1,-1,-1
168,HA-089,CookieTheft,-1,-1,-1,-1,-1,-1
169,HA-089,PupilCalib,-1,-1,-1,-1,-1,-1
170,EO-143,EO-143_allsc,-1,-1,-1,-1,-1,-1
171,EO-143,Reading,-1,-1,-1,-1,-1,-1
172,EO-143,Memory,-1,-1,-1,-1,-1,-1
173,EO-143,CookieTheft,-1,-1,-1,-1,-1,-1
174,EO-143,PupilCalib,-1,-1,-1,-1,-1,-1
175,HO-106,HO-106_allsc,-1,-1,-1,-1,-1,-1
176,HO-106,Reading,-1,-1,-1,-1,-1,-1
177,HO-106,Memory,-1,-1,-1,-1,-1,-1
178,HO-106,CookieTheft,-1,-1,-1,-1,-1,-1
179,HO-106,PupilCalib,-1,-1,-1,-1,-1,-1
180,EA-109,EA-109_allsc,-1,-1,-1,-1,-1,-1
181,EA-109,Reading,-1,-1,-1,-1,-1,-1
182,EA-109,Memory,-1,-1,-1,-1,-1,-1
183,EA-109,CookieTheft,-1,-1,-1,-1,-1,-1
184,EA-109,PupilCalib,-1,-1,-1,-1,-1,-1
185,EI-191,EI-191_allsc,-1,-1,-1,-1,-1,-1
186,EI-191,Reading,-1,-1,-1,-1,-1,-1
187,EI-191,Memory,-1,-1,-1,-1,-1,-1
188,EI-191,CookieTheft,-1,-1,-1,-1,-1,-1
189,EI-191,PupilCalib,-1,-1,-1,-1,-1,-1
190,EE-093,EE-093_allsc,-1,-1,-1,-1,-1,-1
191,EE-093,Reading,-1,-1,-1,-1,-1,-1
192,EE-093,Memory,-1,-1,-1,-1,-1,-1
193,EE-093,CookieTheft,-1,-1,-1,-1,-1,-1
194,EE-093,PupilCalib,-1,-1,-1,-1,-1,-1
195,HE-022,HE-022_allsc,-1,-1,-1,-1,-1,-1
196,HE-022,Reading,-1,-1,-1,-1,-1,-1
197,HE-022,Memory,-1,-1,-1,-1,-1,-1
198,HE-022,CookieTheft,-1,-1,-1,-1,-1,-1
199,HE-022,PupilCalib,-1,-1,-1,-1,-1,-1
200,HA-154,HA-154_allsc,-1,-1,-1,-1,-1,-1
201,HA-154,Reading,-1,-1,-1,-1,-1,-1
202,HA-154,Memory,-1,-1,-1,-1,-1,-1
203,HA-154,CookieTheft,-1,-1,-1,-1,-1,-1
204,HA-154,PupilCalib,-1,-1,-1,-1,-1,-1
205,EA-194,EA-194_allsc,-1,-1,-1,-1,-1,-1
206,EA-194,Reading,-1,-1,-1,-1,-1,-1
207,EA-194,Memory,-1,-1,-1,-1,-1,-1
208,EA-194,CookieTheft,-1,-1,-1,-1,-1,-1
209,EA-194,PupilCalib,-1,-1,-1,-1,-1,-1
210,HI-052,HI-052_allsc,-1,-1,-1,-1,-1,-1
211,HI-052,Reading,-1,-1,-1,-1,-1,-1
212,HI-052,Memory,-1,-1,-1,-1,-1,-1
213,HI-052,CookieTheft,-1,-1,-1,-1,-1,-1
214,HI-052,PupilCalib,-1,-1,-1,-1,-1,-1
215,EO-021,EO-021_allsc,-1,-1,-1,-1,-1,-1
216,EO-021,Reading,-1,-1,-1,-1,-1,-1
217,EO-021,Memory,-1,-1,-1,-1,-1,-1
218,EO-021,CookieTheft,-1,-1,-1,-1,-1,-1
219,EO-021,PupilCalib,-1,-1,-1,-1,-1,-1
220,HA-181,HA-181_allsc,-1,-1,-1,-1,-1,-1
221,HA-181,Reading,-1,-1,-1,-1,-1,-1
222,HA-181,Memory,-1,-1,-1,-1,-1,-1
223,HA-181,CookieTheft,-1,-1,-1,-1,-1,-1
224,HA-181,PupilCalib,-1,-1,-1,-1,-1,-1
225,HO-033,HO-033_allsc,-1,-1,-1,-1,-1,-1
226,HO-033,Reading,-1,-1,-1,-1,-1,-1
227,HO-033,Memory,-1,-1,-1,-1,-1,-1
228,HO-033,CookieTheft,-1,-1,-1,-1,-1,-1
229,HO-033,PupilCalib,-1,-1,-1,-1,-1,-1
230,EA-063,EA-063_allsc,-1,-1,-1,-1,-1,-1
231,EA-063,Reading,-1,-1,-1,-1,-1,-1
232,EA-063,Memory,-1,-1,-1,-1,-1,-1
233,EA-063,CookieTheft,-1,-1,-1,-1,-1,-1
234,EA-063,PupilCalib,-1,-1,-1,-1,-1,-1
235,EY-035,EY-035_allsc,-1,-1,-1,-1,-1,-1
236,EY-035,Reading,-1,-1,-1,-1,-1,-1
237,EY-035,Memory,-1,-1,-1,-1,-1,-1
238,EY-035,CookieTheft,-1,-1,-1,-1,-1,-1
239,EY-035,PupilCalib,-1,-1,-1,-1,-1,-1
240,EA-007,EA-007_allsc,-1,-1,-1,-1,-1,-1
241,EA-007,Reading,-1,-1,-1,-1,-1,-1
242,EA-007,Memory,-1,-1,-1,-1,-1,-1
243,EA-007,CookieTheft,-1,-1,-1,-1,-1,-1
244,EA-007,PupilCalib,-1,-1,-1,-1,-1,-1
245,HL-074,HL-074_allsc,-1,-1,-1,-1,-1,-1
246,HL-074,Reading,-1,-1,-1,-1,-1,-1
247,HL-074,Memory,-1,-1,-1,-1,-1,-1
248,HL-074,CookieTheft,-1,-1,-1,-1,-1,-1
249,HL-074,PupilCalib,-1,-1,-1,-1,-1,-1
250,HO-193,HO-193_allsc,-1,-1,-1,-1,-1,-1
251,HO-193,Reading,-1,-1,-1,-1,-1,-1
252,HO-193,Memory,-1,-1,-1,-1,-1,-1
253,HO-193,CookieTheft,-1,-1,-1,-1,-1,-1
254,HO-193,PupilCalib,-1,-1,-1,-1,-1,-1
255,EO-080,EO-080_allsc,-1,-1,-1,-1,-1,-1
256,EO-080,Reading,-1,-1,-1,-1,-1,-1
257,EO-080,Memory,-1,-1,-1,-1,-1,-1
258,EO-080,CookieTheft,-1,-1,-1,-1,-1,-1
259,EO-080,PupilCalib,-1,-1,-1,-1,-1,-1
260,EI-023,EI-023_allsc,-1,-1,-1,-1,-1,-1
261,EI-023,Reading,-1,-1,-1,-1,-1,-1
262,EI-023,Memory,-1,-1,-1,-1,-1,-1
263,EI-023,CookieTheft,-1,-1,-1,-1,-1,-1
264,EI-023,PupilCalib,-1,-1,-1,-1,-1,-1
265,EA-184,EA-184_allsc,-1,-1,-1,-1,-1,-1
266,EA-184,Reading,-1,-1,-1,-1,-1,-1
267,EA-184,Memory,-1,-1,-1,-1,-1,-1
268,EA-184,CookieTheft,-1,-1,-1,-1,-1,-1
269,EA-184,PupilCalib,-1,-1,-1,-1,-1,-1
270,HA-027,HA-027_allsc,-1,-1,-1,-1,-1,-1
271,HA-027,Reading,-1,-1,-1,-1,-1,-1
272,HA-027,Memory,-1,-1,-1,-1,-1,-1
273,HA-027,CookieTheft,-1,-1,-1,-1,-1,-1
274,HA-027,PupilCalib,-1,-1,-1,-1,-1,-1
275,HI-041,HI-041_allsc,-1,-1,-1,-1,-1,-1
276,HI-041,Reading,-1,-1,-1,-1,-1,-1
277,HI-041,Memory,-1,-1,-1,-1,-1,-1
278,HI-041,CookieTheft,-1,-1,-1,-1,-1,-1
279,HI-041,PupilCalib,-1,-1,-1,-1,-1,-1
280,EO-026,EO-026_allsc,-1,-1,-1,-1,-1,-1
281,EO-026,Reading,-1,-1,-1,-1,-1,-1
282,EO-026,Memory,-1,-1,-1,-1,-1,-1
283,EO-026,CookieTheft,-1,-1,-1,-1,-1,-1
284,EO-026,PupilCalib,-1,-1,-1,-1,-1,-1
285,HI-034,HI-034_allsc,-1,-1,-1,-1,-1,-1
286,HI-034,Reading,-1,-1,-1,-1,-1,-1
287,HI-034,Memory,-1,-1,-1,-1,-1,-1
288,HI-034,CookieTheft,-1,-1,-1,-1,-1,-1
289,HI-034,PupilCalib,-1,-1,-1,-1,-1,-1
290,HA-066,HA-066_allsc,-1,-1,-1,-1,-1,-1
291,HA-066,Reading,-1,-1,-1,-1,-1,-1
292,HA-066,Memory,-1,-1,-1,-1,-1,-1
293,HA-066,CookieTheft,-1,-1,-1,-1,-1,-1
294,HA-066,PupilCalib,-1,-1,-1,-1,-1,-1
295,EU-015,EU-015_allsc,-1,-1,-1,-1,-1,-1
296,EU-015,Reading,-1,-1,-1,-1,-1,-1
297,EU-015,Memory,-1,-1,-1,-1,-1,-1
298,EU-015,CookieTheft,-1,-1,-1,-1,-1,-1
299,EU-015,PupilCalib,-1,-1,-1,-1,-1,-1
300,HE-012,HE-012_allsc,-1,-1,-1,-1,-1,-1
301,HE-012,Reading,-1,-1,-1,-1,-1,-1
302,HE-012,Memory,-1,-1,-1,-1,-1,-1
303,HE-012,CookieTheft,-1,-1,-1,-1,-1,-1
304,HE-012,PupilCalib,-1,-1,-1,-1,-1,-1
305,HO-188,HO-188_allsc,-1,-1,-1,-1,-1,-1
306,HO-188,Reading,-1,-1,-1,-1,-1,-1
307,HO-188,Memory,-1,-1,-1,-1,-1,-1
308,HO-188,CookieTheft,-1,-1,-1,-1,-1,-1
309,HO-188,PupilCalib,-1,-1,-1,-1,-1,-1
310,HA-039,HA-039_allsc,-1,-1,-1,-1,-1,-1
311,HA-039,Reading,-1,-1,-1,-1,-1,-1
312,HA-039,Memory,-1,-1,-1,-1,-1,-1
313,HA-039,CookieTheft,-1,-1,-1,-1,-1,-1
314,HA-039,PupilCalib,-1,-1,-1,-1,-1,-1
315,HA-128,HA-128_allsc,-1,-1,-1,-1,-1,-1
316,HA-128,Reading,-1,-1,-1,-1,-1,-1
317,HA-128,Memory,-1,-1,-1,-1,-1,-1
318,HA-128,CookieTheft,-1,-1,-1,-1,-1,-1
319,HA-128,PupilCalib,-1,-1,-1,-1,-1,-1
320,EA-049,EA-049_allsc,-1,-1,-1,-1,-1,-1
321,EA-049,Reading,-1,-1,-1,-1,-1,-1
322,EA-049,Memory,-1,-1,-1,-1,-1,-1
323,EA-049,CookieTheft,-1,-1,-1,-1,-1,-1
324,EA-049,PupilCalib,-1,-1,-1,-1,-1,-1
325,EH-061,EH-061_allsc,-1,-1,-1,-1,-1,-1
326,EH-061,Reading,-1,-1,-1,-1,-1,-1
327,EH-061,Memory,-1,-1,-1,-1,-1,-1
328,EH-061,CookieTheft,-1,-1,-1,-1,-1,-1
329,EH-061,PupilCalib,-1,-1,-1,-1,-1,-1
330,HE-099,HE-099_allsc,-1,-1,-1,-1,-1,-1
331,HE-099,Reading,-1,-1,-1,-1,-1,-1
332,HE-099,Memory,-1,-1,-1,-1,-1,-1
333,HE-099,CookieTheft,-1,-1,-1,-1,-1,-1
334,HE-099,PupilCalib,-1,-1,-1,-1,-1,-1
335,HS-085,HS-085_allsc,-1,-1,-1,-1,-1,-1
336,HS-085,Reading,-1,-1,-1,-1,-1,-1
337,HS-085,Memory,-1,-1,-1,-1,-1,-1
338,HS-085,CookieTheft,-1,-1,-1,-1,-1,-1
339,HS-085,PupilCalib,-1,-1,-1,-1,-1,-1
340,HU-048,HU-048_allsc,-1,-1,-1,-1,-1,-1
341,HU-048,Reading,-1,-1,-1,-1,-1,-1
342,HU-048,Memory,-1,-1,-1,-1,-1,-1
343,HU-048,CookieTheft,-1,-1,-1,-1,-1,-1
344,HU-048,PupilCalib,-1,-1,-1,-1,-1,-1
345,HL-111,HL-111_allsc,-1,-1,-1,-1,-1,-1
346,HL-111,Reading,-1,-1,-1,-1,-1,-1
347,HL-111,Memory,-1,-1,-1,-1,-1,-1
348,HL-111,CookieTheft,-1,-1,-1,-1,-1,-1
349,HL-111,PupilCalib,-1,-1,-1,-1,-1,-1
350,HP-138,HP-138_allsc,-1,-1,-1,-1,-1,-1
351,HP-138,Reading,-1,-1,-1,-1,-1,-1
352,HP-138,Memory,-1,-1,-1,-1,-1,-1
353,HP-138,CookieTheft,-1,-1,-1,-1,-1,-1
354,HP-138,PupilCalib,-1,-1,-1,-1,-1,-1
355,EO-166,EO-166_allsc,-1,-1,-1,-1,-1,-1
356,EO-166,Reading,-1,-1,-1,-1,-1,-1
357,EO-166,Memory,-1,-1,-1,-1,-1,-1
358,EO-166,CookieTheft,-1,-1,-1,-1,-1,-1
359,EO-166,PupilCalib,-1,-1,-1,-1,-1,-1
360,EA-141,EA-141_allsc,-1,-1,-1,-1,-1,-1
361,EA-141,Reading,-1,-1,-1,-1,-1,-1
362,EA-141,Memory,-1,-1,-1,-1,-1,-1
363,EA-141,CookieTheft,-1,-1,-1,-1,-1,-1
364,EA-141,PupilCalib,-1,-1,-1,-1,-1,-1
365,HI-148,HI-148_allsc,-1,-1,-1,-1,-1,-1
366,HI-148,Reading,-1,-1,-1,-1,-1,-1
367,HI-148,Memory,-1,-1,-1,-1,-1,-1
368,HI-148,CookieTheft,-1,-1,-1,-1,-1,-1
369,HI-148,PupilCalib,-1,-1,-1,-1,-1,-1
370,HO-038,HO-038_allsc,-1,-1,-1,-1,-1,-1
371,HO-038,Reading,-1,-1,-1,-1,-1,-1
372,HO-038,Memory,-1,-1,-1,-1,-1,-1
373,HO-038,CookieTheft,-1,-1,-1,-1,-1,-1
374,HO-038,PupilCalib,-1,-1,-1,-1,-1,-1
375,ER-167,ER-167_allsc,-1,-1,-1,-1,-1,-1
376,ER-167,Reading,-1,-1,-1,-1,-1,-1
377,ER-167,Memory,-1,-1,-1,-1,-1,-1
378,ER-167,CookieTheft,-1,-1,-1,-1,-1,-1
379,ER-167,PupilCalib,-1,-1,-1,-1,-1,-1
380,HA-103,HA-103_allsc,-1,-1,-1,-1,-1,-1
381,HA-103,Reading,-1,-1,-1,-1,-1,-1
382,HA-103,Memory,-1,-1,-1,-1,-1,-1
383,HA-103,CookieTheft,-1,-1,-1,-1,-1,-1
384,HA-103,PupilCalib,-1,-1,-1,-1,-1,-1
385,HO-158,HO-158_allsc,-1,-1,-1,-1,-1,-1
386,HO-158,Reading,-1,-1,-1,-1,-1,-1
387,HO-158,Memory,-1,-1,-1,-1,-1,-1
388,HO-158,CookieTheft,-1,-1,-1,-1,-1,-1
389,HO-158,PupilCalib,-1,-1,-1,-1,-1,-1
390,EO-054,EO-054_allsc,-1,-1,-1,-1,-1,-1
391,EO-054,Reading,-1,-1,-1,-1,-1,-1
392,EO-054,Memory,-1,-1,-1,-1,-1,-1
393,EO-054,CookieTheft,-1,-1,-1,-1,-1,-1
394,EO-054,PupilCalib,-1,-1,-1,-1,-1,-1
395,HA-016,HA-016_allsc,-1,-1,-1,-1,-1,-1
396,HA-016,Reading,-1,-1,-1,-1,-1,-1
397,HA-016,Memory,-1,-1,-1,-1,-1,-1
398,HA-016,CookieTheft,-1,-1,-1,-1,-1,-1
399,HA-016,PupilCalib,-1,-1,-1,-1,-1,-1
400,EE-031,EE-031_allsc,-1,-1,-1,-1,-1,-1
401,EE-031,CookieTheft,-1,-1,-1,-1,-1,-1
402,HU-079,HU-079_allsc,-1,-1,-1,-1,-1,-1
403,HU-079,Reading,-1,-1,-1,-1,-1,-1
404,HU-079,Memory,-1,-1,-1,-1,-1,-1
405,HU-079,CookieTheft,-1,-1,-1,-1,-1,-1
406,HU-079,PupilCalib,-1,-1,-1,-1,-1,-1
407,HI-042,HI-042_allsc,-1,-1,-1,-1,-1,-1
408,HI-042,Reading,-1,-1,-1,-1,-1,-1
409,HI-042,Memory,-1,-1,-1,-1,-1,-1
410,HI-042,CookieTheft,-1,-1,-1,-1,-1,-1
411,HI-042,PupilCalib,-1,-1,-1,-1,-1,-1
412,HA-0002,HA-0002_allsc,-1,-1,-1,-1,-1,-1
413,HA-0002,Reading,-1,-1,-1,-1,-1,-1
414,HA-0002,Memory,-1,-1,-1,-1,-1,-1
415,HA-0002,CookieTheft,-1,-1,-1,-1,-1,-1
416,HA-0002,PupilCalib,-1,-1,-1,-1,-1,-1
417,EI-112,EI-112_allsc,-1,-1,-1,-1,-1,-1
418,EI-112,Reading,-1,-1,-1,-1,-1,-1
419,EI-112,Memory,-1,-1,-1,-1,-1,-1
420,EI-112,CookieTheft,-1,-1,-1,-1,-1,-1
421,EI-112,PupilCalib,-1,-1,-1,-1,-1,-1
422,HL-060,HL-060_allsc,-1,-1,-1,-1,-1,-1
423,HL-060,Reading,-1,-1,-1,-1,-1,-1
424,HL-060,Memory,-1,-1,-1,-1,-1,-1
425,HL-060,CookieTheft,-1,-1,-1,-1,-1,-1
426,HL-060,PupilCalib,-1,-1,-1,-1,-1,-1
427,EU-161,EU-161_allsc,-1,-1,-1,-1,-1,-1
428,EU-161,Reading,-1,-1,-1,-1,-1,-1
429,EU-161,Memory,-1,-1,-1,-1,-1,-1
430,EU-161,CookieTheft,-1,-1,-1,-1,-1,-1
431,EU-161,PupilCalib,-1,-1,-1,-1,-1,-1
432,HA-058,HA-058_allsc,-1,-1,-1,-1,-1,-1
433,HA-058,Reading,-1,-1,-1,-1,-1,-1
434,HA-058,Memory,-1,-1,-1,-1,-1,-1
435,HA-058,CookieTheft,-1,-1,-1,-1,-1,-1
436,HA-058,PupilCalib,-1,-1,-1,-1,-1,-1
437,HH-076,HH-076_allsc,-1,-1,-1,-1,-1,-1
438,HH-076,CookieTheft,-1,-1,-1,-1,-1,-1
439,HH-076,PupilCalib,-1,-1,-1,-1,-1,-1
440,HO-032,HO-032_allsc,-1,-1,-1,-1,-1,-1
441,HO-032,Reading,-1,-1,-1,-1,-1,-1
442,HO-032,Memory,-1,-1,-1,-1,-1,-1
443,HO-032,CookieTheft,-1,-1,-1,-1,-1,-1
444,HO-032,PupilCalib,-1,-1,-1,-1,-1,-1
445,EI-096,EI-096_allsc,-1,-1,-1,-1,-1,-1
446,EI-096,Reading,-1,-1,-1,-1,-1,-1
447,EI-096,Memory,-1,-1,-1,-1,-1,-1
448,EI-096,CookieTheft,-1,-1,-1,-1,-1,-1
449,EI-096,PupilCalib,-1,-1,-1,-1,-1,-1
450,EA-135,EA-135_allsc,-1,-1,-1,-1,-1,-1
451,EA-135,Reading,-1,-1,-1,-1,-1,-1
452,EA-135,Memory,-1,-1,-1,-1,-1,-1
453,EA-135,CookieTheft,-1,-1,-1,-1,-1,-1
454,EA-135,PupilCalib,-1,-1,-1,-1,-1,-1
455,EH-173,EH-173_allsc,-1,-1,-1,-1,-1,-1
456,EH-173,Reading,-1,-1,-1,-1,-1,-1
457,EH-173,Memory,-1,-1,-1,-1,-1,-1
458,EH-173,CookieTheft,-1,-1,-1,-1,-1,-1
459,EH-173,PupilCalib,-1,-1,-1,-1,-1,-1
460,HI-134,HI-134_allsc,-1,-1,-1,-1,-1,-1
461,HI-134,Reading,-1,-1,-1,-1,-1,-1
462,HI-134,Memory,-1,-1,-1,-1,-1,-1
463,HI-134,CookieTheft,-1,-1,-1,-1,-1,-1
464,HI-134,PupilCalib,-1,-1,-1,-1,-1,-1
465,HR-107,HR-107_allsc,-1,-1,-1,-1,-1,-1
466,HR-107,Reading,-1,-1,-1,-1,-1,-1
467,HR-107,Memory,-1,-1,-1,-1,-1,-1
468,HR-107,CookieTheft,-1,-1,-1,-1,-1,-1
469,HR-107,PupilCalib,-1,-1,-1,-1,-1,-1
470,HI-132,HI-132_allsc,-1,-1,-1,-1,-1,-1
471,HI-132,Reading,-1,-1,-1,-1,-1,-1
472,HI-132,Memory,-1,-1,-1,-1,-1,-1
473,HI-132,CookieTheft,-1,-1,-1,-1,-1,-1
474,HI-132,PupilCalib,-1,-1,-1,-1,-1,-1
475,HI-144,HI-144_allsc,-1,-1,-1,-1,-1,-1
476,HI-144,Reading,-1,-1,-1,-1,-1,-1
477,HI-144,Memory,-1,-1,-1,-1,-1,-1
478,HI-144,CookieTheft,-1,-1,-1,-1,-1,-1
479,HI-144,PupilCalib,-1,-1,-1,-1,-1,-1
480,HE-078,HE-078_allsc,-1,-1,-1,-1,-1,-1
481,HE-078,Reading,-1,-1,-1,-1,-1,-1
482,HE-078,Memory,-1,-1,-1,-1,-1,-1
483,HE-078,CookieTheft,-1,-1,-1,-1,-1,-1
484,HE-078,PupilCalib,-1,-1,-1,-1,-1,-1
485,EI-037,EI-037_allsc,-1,-1,-1,-1,-1,-1
486,EI-037,Reading,-1,-1,-1,-1,-1,-1
487,EI-037,Memory,-1,-1,-1,-1,-1,-1
488,EI-037,CookieTheft,-1,-1,-1,-1,-1,-1
489,EI-037,PupilCalib,-1,-1,-1,-1,-1,-1
490,ER-017,ER-017_allsc,-1,-1,-1,-1,-1,-1
491,ER-017,Reading,-1,-1,-1,-1,-1,-1
492,ER-017,Memory,-1,-1,-1,-1,-1,-1
493,ER-017,CookieTheft,-1,-1,-1,-1,-1,-1
494,HA-006,HA-006_allsc,-1,-1,-1,-1,-1,-1
495,HA-006,Reading,-1,-1,-1,-1,-1,-1
496,HA-006,Memory,-1,-1,-1,-1,-1,-1
497,HA-006,CookieTheft,-1,-1,-1,-1,-1,-1
498,HA-006,PupilCalib,-1,-1,-1,-1,-1,-1
499,ER-129,ER-129_allsc,-1,-1,-1,-1,-1,-1
500,ER-129,Reading,-1,-1,-1,-1,-1,-1
501,ER-129,Memory,-1,-1,-1,-1,-1,-1
502,ER-129,CookieTheft,-1,-1,-1,-1,-1,-1
503,ER-129,PupilCalib,-1,-1,-1,-1,-1,-1
504,EL-003,EL-003_allsc,-1,-1,-1,-1,-1,-1
505,EL-003,Reading,-1,-1,-1,-1,-1,-1
506,EL-003,Memory,-1,-1,-1,-1,-1,-1
507,EL-003,CookieTheft,-1,-1,-1,-1,-1,-1
508,EL-003,PupilCalib,-1,-1,-1,-1,-1,-1
509,HR-047,HR-047_allsc,-1,-1,-1,-1,-1,-1
510,HR-047,Reading,-1,-1,-1,-1,-1,-1
511,HR-047,Memory,-1,-1,-1,-1,-1,-1
512,HR-047,CookieTheft,-1,-1,-1,-1,-1,-1
513,HR-047,PupilCalib,-1,-1,-1,-1,-1,-1
514,HR-110,HR-110_allsc,-1,-1,-1,-1,-1,-1
515,HR-110,Reading,-1,-1,-1,-1,-1,-1
516,HR-110,Memory,-1,-1,-1,-1,-1,-1
517,HR-110,CookieTheft,-1,-1,-1,-1,-1,-1
518,HR-110,PupilCalib,-1,-1,-1,-1,-1,-1
519,EL-156,EL-156_allsc,-1,-1,-1,-1,-1,-1
520,EL-156,Reading,-1,-1,-1,-1,-1,-1
521,EL-156,Memory,-1,-1,-1,-1,-1,-1
522,EL-156,CookieTheft,-1,-1,-1,-1,-1,-1
523,EL-156,PupilCalib,-1,-1,-1,-1,-1,-1
524,HR-133,HR-133_allsc,-1,-1,-1,-1,-1,-1
525,HR-133,Reading,-1,-1,-1,-1,-1,-1
526,HR-133,CookieTheft,-1,-1,-1,-1,-1,-1
527,HA-192,HA-192_allsc,-1,-1,-1,-1,-1,-1
528,HA-192,Reading,-1,-1,-1,-1,-1,-1
529,HA-192,Memory,-1,-1,-1,-1,-1,-1
530,HA-192,CookieTheft,-1,-1,-1,-1,-1,-1
531,HA-192,PupilCalib,-1,-1,-1,-1,-1,-1
532,HH-029,HH-029_allsc,-1,-1,-1,-1,-1,-1
533,HH-029,Reading,-1,-1,-1,-1,-1,-1
534,HH-029,Memory,-1,-1,-1,-1,-1,-1
535,HH-029,CookieTheft,-1,-1,-1,-1,-1,-1
536,HH-029,PupilCalib,-1,-1,-1,-1,-1,-1
537,EO-083,EO-083_allsc,-1,-1,-1,-1,-1,-1
538,EO-083,Reading,-1,-1,-1,-1,-1,-1
539,EO-083,Memory,-1,-1,-1,-1,-1,-1
540,EO-083,CookieTheft,-1,-1,-1,-1,-1,-1
541,EO-083,PupilCalib,-1,-1,-1,-1,-1,-1
542,EO-182,EO-182_allsc,-1,-1,-1,-1,-1,-1
543,EO-182,Reading,-1,-1,-1,-1,-1,-1
544,EO-182,CookieTheft,-1,-1,-1,-1,-1,-1
545,EO-182,PupilCalib,-1,-1,-1,-1,-1,-1
546,HA-177,HA-177_allsc,-1,-1,-1,-1,-1,-1
547,HA-177,Reading,-1,-1,-1,-1,-1,-1
548,HA-177,Memory,-1,-1,-1,-1,-1,-1
549,HA-177,CookieTheft,-1,-1,-1,-1,-1,-1
550,HA-177,PupilCalib,-1,-1,-1,-1,-1,-1
551,HH-055,HH-055_allsc,-1,-1,-1,-1,-1,-1
552,HH-055,Reading,-1,-1,-1,-1,-1,-1
553,HH-055,Memory,-1,-1,-1,-1,-1,-1
554,HH-055,CookieTheft,-1,-1,-1,-1,-1,-1
555,HH-055,PupilCalib,-1,-1,-1,-1,-1,-1
556,EA-073,EA-073_allsc,-1,-1,-1,-1,-1,-1
557,EA-073,Reading,-1,-1,-1,-1,-1,-1
558,EA-073,Memory,-1,-1,-1,-1,-1,-1
559,EA-073,CookieTheft,-1,-1,-1,-1,-1,-1
560,EA-073,PupilCalib,-1,-1,-1,-1,-1,-1
561,EI-051,EI-051_allsc,-1,-1,-1,-1,-1,-1
562,EI-051,Reading,-1,-1,-1,-1,-1,-1
563,EI-051,Memory,-1,-1,-1,-1,-1,-1
564,EI-051,CookieTheft,-1,-1,-1,-1,-1,-1
565,EI-051,PupilCalib,-1,-1,-1,-1,-1,-1
566,ER-040,ER-040_allsc,-1,-1,-1,-1,-1,-1
567,ER-040,Reading,-1,-1,-1,-1,-1,-1
568,ER-040,Memory,-1,-1,-1,-1,-1,-1
569,ER-040,CookieTheft,-1,-1,-1,-1,-1,-1
570,ER-040,PupilCalib,-1,-1,-1,-1,-1,-1
571,HO-072,HO-072_allsc,-1,-1,-1,-1,-1,-1
572,HO-072,Reading,-1,-1,-1,-1,-1,-1
573,HO-072,Memory,-1,-1,-1,-1,-1,-1
574,HO-072,CookieTheft,-1,-1,-1,-1,-1,-1
575,HO-072,PupilCalib,-1,-1,-1,-1,-1,-1
576,EY-043,EY-043_allsc,-1,-1,-1,-1,-1,-1
577,EY-043,Reading,-1,-1,-1,-1,-1,-1
578,EY-043,Memory,-1,-1,-1,-1,-1,-1
579,EY-043,CookieTheft,-1,-1,-1,-1,-1,-1
580,EY-043,PupilCalib,-1,-1,-1,-1,-1,-1
581,HA-077,HA-077_allsc,-1,-1,-1,-1,-1,-1
582,HA-077,Reading,-1,-1,-1,-1,-1,-1
583,HA-077,Memory,-1,-1,-1,-1,-1,-1
584,HA-077,CookieTheft,-1,-1,-1,-1,-1,-1
585,HA-077,PupilCalib,-1,-1,-1,-1,-1,-1
586,HV-160,HV-160_allsc,-1,-1,-1,-1,-1,-1
587,HV-160,Reading,-1,-1,-1,-1,-1,-1
588,HV-160,Memory,-1,-1,-1,-1,-1,-1
589,HV-160,CookieTheft,-1,-1,-1,-1,-1,-1
590,HV-160,PupilCalib,-1,-1,-1,-1,-1,-1
591,EH-164,EH-164_allsc,-1,-1,-1,-1,-1,-1
592,EH-164,Reading,-1,-1,-1,-1,-1,-1
593,EH-164,Memory,-1,-1,-1,-1,-1,-1
594,EH-164,CookieTheft,-1,-1,-1,-1,-1,-1
595,EH-164,PupilCalib,-1,-1,-1,-1,-1,-1
596,HA-113,HA-113_allsc,-1,-1,-1,-1,-1,-1
597,HA-113,Reading,-1,-1,-1,-1,-1,-1
598,HA-113,Memory,-1,-1,-1,-1,-1,-1
599,HA-113,CookieTheft,-1,-1,-1,-1,-1,-1
600,HA-113,PupilCalib,-1,-1,-1,-1,-1,-1
601,ET-090,ET-090_allsc,-1,-1,-1,-1,-1,-1
602,ET-090,Reading,-1,-1,-1,-1,-1,-1
603,ET-090,Memory,-1,-1,-1,-1,-1,-1
604,ET-090,CookieTheft,-1,-1,-1,-1,-1,-1
605,ET-090,PupilCalib,-1,-1,-1,-1,-1,-1
606,EA-195,EA-195_allsc,-1,-1,-1,-1,-1,-1
607,EA-195,Reading,-1,-1,-1,-1,-1,-1
608,EA-195,Memory,-1,-1,-1,-1,-1,-1
609,EA-195,CookieTheft,-1,-1,-1,-1,-1,-1
610,EA-195,PupilCalib,-1,-1,-1,-1,-1,-1
611,HA-025,HA-025_allsc,-1,-1,-1,-1,-1,-1
612,HA-025,Reading,-1,-1,-1,-1,-1,-1
613,HA-025,Memory,-1,-1,-1,-1,-1,-1
614,HA-025,CookieTheft,-1,-1,-1,-1,-1,-1
615,HA-025,PupilCalib,-1,-1,-1,-1,-1,-1
616,HA-163,HA-163_allsc,-1,-1,-1,-1,-1,-1
617,HA-163,Reading,-1,-1,-1,-1,-1,-1
618,HA-163,Memory,-1,-1,-1,-1,-1,-1
619,HA-163,CookieTheft,-1,-1,-1,-1,-1,-1
620,HA-163,PupilCalib,-1,-1,-1,-1,-1,-1
621,EE-126,EE-126_allsc,-1,-1,-1,-1,-1,-1
622,EE-126,Reading,-1,-1,-1,-1,-1,-1
623,EE-126,Memory,-1,-1,-1,-1,-1,-1
624,EE-126,CookieTheft,-1,-1,-1,-1,-1,-1
625,EE-126,PupilCalib,-1,-1,-1,-1,-1,-1
626,EE-105,EE-105_allsc,-1,-1,-1,-1,-1,-1
627,EE-105,Reading,-1,-1,-1,-1,-1,-1
628,EE-105,Memory,-1,-1,-1,-1,-1,-1
629,EE-105,CookieTheft,-1,-1,-1,-1,-1,-1
630,EE-105,PupilCalib,-1,-1,-1,-1,-1,-1
631,EA-009,EA-009_allsc,-1,-1,-1,-1,-1,-1
632,EA-009,Reading,-1,-1,-1,-1,-1,-1
633,EA-009,Memory,-1,-1,-1,-1,-1,-1
634,EA-009,CookieTheft,-1,-1,-1,-1,-1,-1
635,EA-009,PupilCalib,-1,-1,-1,-1,-1,-1
636,EO-186,EO-186_allsc,-1,-1,-1,-1,-1,-1
637,EO-186,Reading,-1,-1,-1,-1,-1,-1
638,EO-186,Memory,-1,-1,-1,-1,-1,-1
639,EO-186,CookieTheft,-1,-1,-1,-1,-1,-1
640,EO-186,PupilCalib,-1,-1,-1,-1,-1,-1
641,HA-044,HA-044_allsc,-1,-1,-1,-1,-1,-1
642,HA-044,Reading,-1,-1,-1,-1,-1,-1
643,HA-044,Memory,-1,-1,-1,-1,-1,-1
644,HA-044,CookieTheft,-1,-1,-1,-1,-1,-1
645,HA-044,PupilCalib,-1,-1,-1,-1,-1,-1
646,EE-146,EE-146_allsc,-1,-1,-1,-1,-1,-1
647,EE-146,Reading,-1,-1,-1,-1,-1,-1
648,EE-146,Memory,-1,-1,-1,-1,-1,-1
649,EE-146,CookieTheft,-1,-1,-1,-1,-1,-1
650,EE-146,PupilCalib,-1,-1,-1,-1,-1,-1
651,HO-070,HO-070_allsc,-1,-1,-1,-1,-1,-1
652,HO-070,Reading,-1,-1,-1,-1,-1,-1
653,HO-070,Memory,-1,-1,-1,-1,-1,-1
654,HO-070,CookieTheft,-1,-1,-1,-1,-1,-1
655,HO-070,PupilCalib,-1,-1,-1,-1,-1,-1
656,HC-116,HC-116_allsc,-1,-1,-1,-1,-1,-1
657,HC-116,Reading,-1,-1,-1,-1,-1,-1
658,HC-116,Memory,-1,-1,-1,-1,-1,-1
659,HC-116,CookieTheft,-1,-1,-1,-1,-1,-1
660,HC-116,PupilCalib,-1,-1,-1,-1,-1,-1
661,HI-020,HI-020_allsc,-1,-1,-1,-1,-1,-1
662,HI-020,Reading,-1,-1,-1,-1,-1,-1
663,HI-020,Memory,-1,-1,-1,-1,-1,-1
664,HI-020,CookieTheft,-1,-1,-1,-1,-1,-1
665,HI-020,PupilCalib,-1,-1,-1,-1,-1,-1
666,HA-082,HA-082_allsc,-1,-1,-1,-1,-1,-1
667,HA-082,Reading,-1,-1,-1,-1,-1,-1
668,HA-082,Memory,-1,-1,-1,-1,-1,-1
669,HA-082,CookieTheft,-1,-1,-1,-1,-1,-1
670,HA-082,PupilCalib,-1,-1,-1,-1,-1,-1
671,HO-165,HO-165_allsc,-1,-1,-1,-1,-1,-1
672,HO-165,Reading,-1,-1,-1,-1,-1,-1
673,HO-165,Memory,-1,-1,-1,-1,-1,-1
674,HO-165,CookieTheft,-1,-1,-1,-1,-1,-1
675,HO-165,PupilCalib,-1,-1,-1,-1,-1,-1
676,EA-149,EA-149_allsc,-1,-1,-1,-1,-1,-1
677,EA-149,Reading,-1,-1,-1,-1,-1,-1
678,EA-149,Memory,-1,-1,-1,-1,-1,-1
679,EA-149,CookieTheft,-1,-1,-1,-1,-1,-1
680,EA-149,PupilCalib,-1,-1,-1,-1,-1,-1
681,HE-150,HE-150_allsc,-1,-1,-1,-1,-1,-1
682,HE-150,Reading,-1,-1,-1,-1,-1,-1
683,HE-150,Memory,-1,-1,-1,-1,-1,-1
684,HE-150,CookieTheft,-1,-1,-1,-1,-1,-1
685,HE-150,PupilCalib,-1,-1,-1,-1,-1,-1
686,HR-151,HR-151_allsc,-1,-1,-1,-1,-1,-1
687,HR-151,Reading,-1,-1,-1,-1,-1,-1
688,HR-151,Memory,-1,-1,-1,-1,-1,-1
689,HR-151,CookieTheft,-1,-1,-1,-1,-1,-1
690,HR-151,PupilCalib,-1,-1,-1,-1,-1,-1
691,EI-0001,EI-0001_allsc,-1,-1,-1,-1,-1,-1
692,EI-0001,Reading,-1,-1,-1,-1,-1,-1
693,EI-0001,Memory,-1,-1,-1,-1,-1,-1
694,EI-0001,CookieTheft,-1,-1,-1,-1,-1,-1
695,EI-0001,PupilCalib,-1,-1,-1,-1,-1,-1
696,EO-008,EO-008_allsc,-1,-1,-1,-1,-1,-1
697,EO-008,Reading,-1,-1,-1,-1,-1,-1
698,EO-008,Memory,-1,-1,-1,-1,-1,-1
699,EO-008,CookieTheft,-1,-1,-1,-1,-1,-1
700,EO-008,PupilCalib,-1,-1,-1,-1,-1,-1
701,HI-036,HI-036_allsc,-1,-1,-1,-1,-1,-1
702,HI-036,Reading,-1,-1,-1,-1,-1,-1
703,HI-036,Memory,-1,-1,-1,-1,-1,-1
704,HI-036,CookieTheft,-1,-1,-1,-1,-1,-1
705,HI-036,PupilCalib,-1,-1,-1,-1,-1,-1
706,EE-057,EE-057_allsc,-1,-1,-1,-1,-1,-1
707,EE-057,Reading,-1,-1,-1,-1,-1,-1
708,EE-057,Memory,-1,-1,-1,-1,-1,-1
709,EE-057,CookieTheft,-1,-1,-1,-1,-1,-1
710,EE-057,PupilCalib,-1,-1,-1,-1,-1,-1
711,ER-059,ER-059_allsc,-1,-1,-1,-1,-1,-1
712,ER-059,Reading,-1,-1,-1,-1,-1,-1
713,ER-059,Memory,-1,-1,-1,-1,-1,-1
714,ER-059,CookieTheft,-1,-1,-1,-1,-1,-1
715,ER-059,PupilCalib,-1,-1,-1,-1,-1,-1
716,EO-011,EO-011_allsc,-1,-1,-1,-1,-1,-1
717,EO-011,Memory,-1,-1,-1,-1,-1,-1
718,EO-011,CookieTheft,-1,-1,-1,-1,-1,-1
719,EO-011,PupilCalib,-1,-1,-1,-1,-1,-1
720,HA-086,HA-086_allsc,-1,-1,-1,-1,-1,-1
721,HA-086,Reading,-1,-1,-1,-1,-1,-1
722,HA-086,Memory,-1,-1,-1,-1,-1,-1
723,HA-086,CookieTheft,-1,-1,-1,-1,-1,-1
724,HA-086,PupilCalib,-1,-1,-1,-1,-1,-1
725,HI-121,HI-121_allsc,-1,-1,-1,-1,-1,-1
726,HI-121,Reading,-1,-1,-1,-1,-1,-1
727,HI-121,Memory,-1,-1,-1,-1,-1,-1
728,HI-121,CookieTheft,-1,-1,-1,-1,-1,-1
729,HI-121,PupilCalib,-1,-1,-1,-1,-1,-1
730,HE-119,HE-119_allsc,-1,-1,-1,-1,-1,-1
731,HE-119,Reading,-1,-1,-1,-1,-1,-1
732,HE-119,Memory,-1,-1,-1,-1,-1,-1
733,HE-119,CookieTheft,-1,-1,-1,-1,-1,-1
734,HE-119,PupilCalib,-1,-1,-1,-1,-1,-1
735,EA-169,EA-169_allsc,-1,-1,-1,-1,-1,-1
736,EA-169,Reading,-1,-1,-1,-1,-1,-1
737,EA-169,Memory,-1,-1,-1,-1,-1,-1
738,EA-169,CookieTheft,-1,-1,-1,-1,-1,-1
739,EA-169,PupilCalib,-1,-1,-1,-1,-1,-1
740,HA-018,HA-018_allsc,-1,-1,-1,-1,-1,-1
741,HA-018,Reading,-1,-1,-1,-1,-1,-1
742,HA-018,Memory,-1,-1,-1,-1,-1,-1
743,HA-018,CookieTheft,-1,-1,-1,-1,-1,-1
744,HA-018,PupilCalib,-1,-1,-1,-1,-1,-1
745,HA-142,HA-142_allsc,-1,-1,-1,-1,-1,-1
746,HA-142,Reading,-1,-1,-1,-1,-1,-1
747,HA-142,Memory,-1,-1,-1,-1,-1,-1
748,HA-142,CookieTheft,-1,-1,-1,-1,-1,-1
749,HA-142,PupilCalib,-1,-1,-1,-1,-1,-1
750,HI-010,HI-010_allsc,-1,-1,-1,-1,-1,-1
751,HI-010,Reading,-1,-1,-1,-1,-1,-1
752,HI-010,Memory,-1,-1,-1,-1,-1,-1
753,HI-010,CookieTheft,-1,-1,-1,-1,-1,-1
754,HI-010,PupilCalib,-1,-1,-1,-1,-1,-1
755,HL-168,HL-168_allsc,-1,-1,-1,-1,-1,-1
756,HL-168,Reading,-1,-1,-1,-1,-1,-1
757,HL-168,Memory,-1,-1,-1,-1,-1,-1
758,HL-168,CookieTheft,-1,-1,-1,-1,-1,-1
759,HL-168,PupilCalib,-1,-1,-1,-1,-1,-1
760,HA-019,HA-019_allsc,-1,-1,-1,-1,-1,-1
761,HA-019,Reading,-1,-1,-1,-1,-1,-1
762,HA-019,Memory,-1,-1,-1,-1,-1,-1
763,HA-019,CookieTheft,-1,-1,-1,-1,-1,-1
764,HA-019,PupilCalib,-1,-1,-1,-1,-1,-1
765,HR-179,HR-179_allsc,-1,-1,-1,-1,-1,-1
766,HR-179,Reading,-1,-1,-1,-1,-1,-1
767,HR-179,Memory,-1,-1,-1,-1,-1,-1
768,HR-179,CookieTheft,-1,-1,-1,-1,-1,-1
769,HR-179,PupilCalib,-1,-1,-1,-1,-1,-1
